category_id,114,115,117,118,119,120,121,123,126,127,128,129,130,132,133,135,136,137,138,139,140,141,142,143,145,146,147,148,149,150,151,152,153,154,155,157,158,159,160,179,180,181,182,183,184,185,186,187,188,189,190,191,192,194,197,198,200,202,203,225,226,227,228,229,230,234,281,283,286,289,295,296,297,298,300,301,302,304,305,307,308,309,311,312,313,314,315,316,317,318,319,320,322,323,324,325,326,327,328,339,340
0,0.009653142,0.90952224,0.0,0.0,0.0,0.0,0.0,0.0,0.00016361257,0.0,0.00032722513,0.0,0.0,0.0,0.0,0.11812827,0.5909686,0.06577225,0.0055628275,0.00016361257,0.0021269633,0.025196334,0.31479058,0.00016361257,0.32264397,0.48625654,0.18210079,0.051865183,0.018488219,0.0004908377,0.00032722513,0.0,0.00016361257,0.0,0.0,0.0,0.0,0.0,0.0008180628,0.0,0.0,0.0,0.0,0.0,0.0,0.0,0.0,0.0,0.0,0.0,0.0,0.0,0.0,0.0,0.0,0.0,0.0,0.0,0.0,0.88956153,0.0004908377,0.0060536647,0.0055628275,0.010634817,0.0,0.0073625655,0.0021269633,0.002617801,0.00032722513,0.0,0.8411322,0.002290576,0.0004908377,0.026668848,0.00016361257,0.09571335,0.0034358639,0.011780105,0.011616492,0.00032722513,0.0016361256,0.00016361257,0.0,0.010634817,0.0024541884,0.0050719897,0.00032722513,0.77470547,0.66590315,0.02356021,0.0060536647,0.0016361256,0.119764395,0.022087697,0.001145288,0.024541885,0.0055628275,0.0014725131,0.049574606,0.0008180628,0.0073625655
1,0.016075183,0.8880302,0.0,0.0,0.0,0.00012365525,0.0,0.0,0.0,0.0,0.0,0.0,0.0,0.0,6.1827624e-05,0.3453073,0.4559169,0.07555336,0.008037591,0.0067392113,0.0040806234,0.10733276,0.23111166,6.1827624e-05,0.49233338,0.5932979,0.2596142,0.019908495,0.00754297,0.000494621,0.00030913812,6.1827624e-05,0.00012365525,6.1827624e-05,0.00012365525,0.0,0.0,0.00012365525,0.00030913812,6.1827624e-05,0.0,0.00018548287,0.00061827624,0.00012365525,0.0,0.0,0.0,0.0,0.0,0.0,0.0,0.0,0.0,0.0,6.1827624e-05,0.0002473105,0.0,0.0,0.0,0.0,0.0,0.0,0.0,0.0,0.0,0.0,0.008532212,0.0027204156,0.0032150366,0.0011747249,0.9003339,0.0066773836,0.00086558674,0.00061827624,0.00012365525,0.236367,0.008903178,0.0097687645,0.032644987,0.0021021392,0.008346729,0.0011747249,0.00030913812,0.019846667,0.010077903,0.007419315,0.0047607273,0.5647954,0.73395574,0.019352047,0.022196118,0.09033016,0.008284901,0.0111908,0.0021021392,0.029553605,0.014405836,0.0031532089,0.050698653,0.0011128973,0.004637072
2,0.007437458,0.8336714,0.0,0.0,0.0,0.0,0.0,0.0,0.0,0.0,0.0,0.0,0.0,0.0,0.0,0.1724138,0.41717377,0.15686275,0.017579446,0.001352265,0.0006761325,0.011494253,0.15889114,0.0,0.7079108,0.36646384,0.45841786,0.053414468,0.052062206,0.0006761325,0.001352265,0.0,0.0,0.0,0.0,0.0,0.0,0.0,0.001352265,0.0,0.0,0.0,0.0,0.0,0.0,0.0,0.0,0.0,0.0,0.0,0.0,0.0,0.0,0.0,0.0,0.0,0.0,0.0,0.0,0.0,0.0,0.0,0.0,0.0,0.0,0.0,0.01081812,0.001352265,0.0033806625,0.004056795,0.93711966,0.0,0.0020283975,0.0,0.0,0.08451656,0.0020283975,0.0006761325,0.0006761325,0.0,0.028397566,0.0020283975,0.0,0.027721433,0.011494253,0.0006761325,0.004056795,0.7944557,0.72684246,0.018255578,0.040567953,0.012846518,0.010141988,0.00811359,0.033806626,0.012170386,0.033130493,0.0006761325,0.06964165,0.0,0.0006761325
3,0.013562387,0.83273053,0.0,0.0,0.0,0.0,0.0,0.0,0.0,0.0,0.0,0.0,0.0,0.0,0.0,0.14014466,0.31555155,0.1528029,0.02169982,0.0,0.0027124775,0.016274864,0.111211576,0.0,0.55786616,0.2811935,0.37251356,0.075045206,0.16003616,0.018083183,0.017179023,0.006329114,0.01898734,0.0018083183,0.0,0.0,0.0,0.0,0.00090415915,0.0,0.0,0.0,0.0,0.0,0.0,0.0,0.0,0.0,0.0,0.0,0.0,0.0,0.0,0.0,0.0,0.0,0.0,0.0,0.0,0.51808316,0.0072332732,0.012658228,0.11030742,0.027124774,0.0,0.0036166366,0.11301989,0.009041592,0.0018083183,0.0027124775,0.86166364,0.0,0.0018083183,0.0,0.0027124775,0.06238698,0.0018083183,0.0,0.0027124775,0.00090415915,0.0,0.00090415915,0.016274864,0.017179023,0.0027124775,0.0027124775,0.004520796,0.840868,0.7830018,0.02983725,0.00994575,0.0,0.004520796,0.00994575,0.035262205,0.012658228,0.015370705,0.00090415915,0.071428575,0.0,0.0018083183
4,0.01713555,0.9199489,0.0,0.0,0.0,0.0,0.0,0.0,0.00012787724,0.0,0.0,0.0,0.0,0.00012787724,0.00025575448,0.2246803,0.48184144,0.0786445,0.00831202,0.0,0.0003836317,0.05268542,0.3920716,0.0019181586,0.30920717,0.43273658,0.41368288,0.08746803,0.016368287,0.00051150896,0.00012787724,0.00012787724,0.0,0.0,0.0,0.0,0.0,0.0,0.00025575448,0.0,0.0,0.0,0.0,0.0,0.0,0.0,0.0,0.0,0.0,0.0,0.0,0.0,0.0,0.0,0.0,0.0,0.0,0.0,0.0,0.48836318,0.026214834,0.0028132992,0.00831202,0.30716112,0.0,0.003196931,0.13887468,0.07340153,0.002685422,0.028132992,0.6277494,0.0012787724,0.001662404,0.029795397,0.0010230179,0.049232736,0.0040920717,0.0015345268,0.0029411765,0.0012787724,0.0025575447,0.0006393862,0.621867,0.02225064,0.0034526854,0.009079284,0.0054987213,0.24117647,0.8586956,0.010358056,0.0035805628,0.0012787724,0.038874682,0.005882353,0.001662404,0.01892583,0.010741688,0.0017902814,0.026982097,0.0008951407,0.0010230179
5,0.009749304,0.94846797,0.0,0.0,0.0,0.0,0.0,0.0,0.0,0.0,0.0,0.0,0.0,0.0,0.0,0.25208914,0.39275765,0.08077995,0.009749304,0.0,0.0069637885,0.08356546,0.20752089,0.0013927576,0.35654595,0.68662953,0.18245125,0.015320335,0.013927577,0.0013927576,0.0027855153,0.0,0.0,0.0,0.0,0.0,0.0,0.0,0.0,0.0,0.0,0.0,0.0,0.0,0.0,0.0,0.0,0.0,0.0,0.0,0.0,0.0,0.0,0.0,0.0,0.0,0.0,0.0,0.0,0.53899723,0.009749304,0.0055710305,0.020891365,0.14902507,0.0,0.057103064,0.13091922,0.04874652,0.0,0.06963788,0.69916433,0.0027855153,0.008356546,0.07520892,0.008356546,0.04178273,0.0,0.0013927576,0.0013927576,0.0,0.004178273,0.0,0.59052926,0.012534819,0.0,0.015320335,0.0027855153,0.23816156,0.83983284,0.015320335,0.0055710305,0.0027855153,0.050139274,0.009749304,0.0,0.004178273,0.0055710305,0.0013927576,0.03064067,0.0013927576,0.0
6,0.0005642886,0.58943975,8.0612655e-05,0.00064490124,0.0,0.0009673519,0.0,0.0,0.05465538,0.0032245063,0.20177348,0.0,0.0,0.0375655,8.0612655e-05,0.27222893,0.456187,0.07553406,0.008867392,0.0,0.0,0.050544135,0.34526402,0.18371624,0.00040306328,8.0612655e-05,0.0,0.0,0.00048367595,0.00024183797,0.00064490124,0.0037081821,0.05006046,0.64087063,0.029584846,0.0,0.0,0.0,0.0,0.0,0.0,0.0,0.0,0.0,0.0,0.0,0.0,0.0,0.0,0.0,0.0,0.0,0.0,0.0,0.0,0.0,0.0,0.0,0.0,0.0021765416,0.00040306328,0.00016122531,0.0,0.016767433,0.6063684,0.07916163,0.004433696,0.011688835,0.00032245062,0.00032245062,0.95259976,0.0010479646,0.05183394,0.20153163,0.0026602177,0.026360339,0.00088673923,0.019750101,0.008625554,8.0612655e-05,0.0009673519,0.002821443,0.00016122531,0.004433696,0.0012091899,0.0036275694,0.0005642886,0.6827892,0.91051996,0.008625554,0.0059653367,0.0017734785,0.014429665,0.003546957,0.0014510278,0.012172511,0.0058847237,0.0016122531,0.011366384,0.00040306328,0.0013704152
7,0.002919708,0.9372263,0.0,0.0,0.0,0.0,0.0,0.0,0.0,0.0,0.0003649635,0.0,0.0,0.0003649635,0.0,0.32627738,0.46934307,0.116058394,0.016058395,0.0,0.0003649635,0.06167883,0.40328467,0.3018248,0.0,0.0,0.0,0.30912408,0.54160583,0.07445256,0.03357664,0.013503649,0.0040145987,0.0,0.0,0.0,0.0,0.0,0.0,0.0,0.0,0.0,0.0,0.0,0.0,0.0,0.0,0.0,0.0,0.0,0.0,0.0,0.0,0.0,0.0,0.0,0.0,0.0,0.0,0.008759124,0.003649635,0.014233577,0.0003649635,0.07262774,0.4959854,0.15364963,0.005839416,0.010218978,0.000729927,0.0003649635,0.91167885,0.003649635,0.046715327,0.24635036,0.14014599,0.062043797,0.0025547445,0.024817519,0.017518248,0.0003649635,0.0003649635,0.0003649635,0.0,0.00839416,0.0025547445,0.010948905,0.001459854,0.5291971,0.82664233,0.0069343066,0.0047445255,0.008759124,0.01861314,0.00839416,0.002189781,0.03868613,0.009489051,0.000729927,0.026642336,0.0003649635,0.001459854
8,0.035721373,0.5800754,0.025997221,0.13673347,0.002381425,0.02877555,0.0063504665,0.09188331,0.010319508,0.17543164,0.23159356,0.1768208,0.0033736853,0.00019845208,0.011113316,0.00019845208,0.0005953562,0.0017860687,0.00019845208,0.0,0.00039690416,0.2633459,0.46576703,0.071442746,0.0007938083,0.0,0.0,0.024409605,0.29847193,0.17940067,0.11708672,0.07580869,0.077991664,0.04881921,0.06588609,0.0,0.0,0.0,0.0,0.0,0.0,0.0,0.0,0.0,0.0,0.0,0.0,0.0,0.0,0.0,0.0,0.0,0.0,0.0,0.0,0.0,0.0,0.0,0.0,0.017860686,0.0019845208,0.0043659457,0.011311769,0.40504068,0.024211153,0.07064894,0.013891645,0.004961302,0.0017860687,0.00039690416,0.8948204,0.0071442747,0.00476285,0.026195673,0.0063504665,0.09247866,0.016669974,0.13673347,0.11569756,0.013494741,0.0045643975,0.040881127,0.00039690416,0.013693193,0.007938083,0.0063504665,0.0059535624,0.5016869,0.69378847,0.03730899,0.014288549,0.0045643975,0.04405636,0.024806509,0.0015876166,0.059535623,0.017265331,0.005159754,0.04881921,0.0013891645,0.0140900975
9,0.012508018,0.92912126,0.0,0.0,0.00096215523,0.0,0.0,0.0,0.0,0.00032071842,0.00801796,0.011545863,0.0,0.0,0.0,0.11257216,0.41693392,0.22225785,0.015394484,0.0,0.00801796,0.025016036,0.2386145,0.00064143684,0.54073125,0.0137908915,0.087556124,0.06831302,0.30692753,0.17222579,0.09332906,0.045862734,0.059974343,0.01411161,0.010583707,0.0,0.0,0.0,0.0,0.0,0.0,0.0,0.0,0.0,0.0,0.0,0.0,0.0,0.0,0.0,0.0,0.0,0.0,0.0,0.0,0.0,0.0,0.0,0.0,0.30596536,0.11449647,0.005452213,0.15426555,0.118665814,0.0,0.0016035921,0.004810776,0.0035279025,0.00064143684,0.12219372,0.78511864,0.0025657474,0.0,0.003848621,0.00064143684,0.05452213,0.0016035921,0.0025657474,0.0025657474,0.002245029,0.0019243105,0.0025657474,0.7354073,0.021808852,0.0064143683,0.02629891,0.002245029,0.18377165,0.81494546,0.019884542,0.003848621,0.0032071841,0.045862734,0.0057729315,0.0025657474,0.025016036,0.010904426,0.00064143684,0.025657473,0.00064143684,0.0067350864
10,0.07676692,0.71723914,0.07099738,0.02580266,0.18120626,0.031892728,0.034029596,0.025321865,0.0058229608,0.1393771,0.16042523,0.16988087,0.022811048,0.0,0.03215984,0.0011752765,0.0010684332,0.0058229608,0.007906405,0.014156739,0.040173087,0.35236925,0.36396176,0.008440622,0.14765745,0.00021368662,0.002190288,0.02350553,0.2510818,0.13082963,0.087077305,0.046797372,0.051445056,0.04706448,0.23794006,0.0,0.0,5.3421656e-05,5.3421656e-05,0.0,0.0,0.0,0.0,0.0,0.0,0.0,0.0,0.0,0.0,0.0,0.0,0.0,0.0,0.0,0.0,0.0,0.0,0.0,0.0,0.03707463,0.0013889631,0.008761152,0.009936429,0.5928736,5.3421656e-05,0.13611838,0.07767509,0.012714354,0.03707463,0.0010684332,0.8539452,0.014317004,0.00032052994,0.0019766013,0.0009615898,0.09434265,0.055611946,0.05443667,0.17719963,0.022276832,0.025909504,0.036647256,0.1364389,0.068753675,0.09167156,0.017629147,0.018430471,0.35455954,0.68315613,0.024680806,0.011111705,0.004701106,0.022650782,0.023345264,0.0086543085,0.10887334,0.030450344,0.009188525,0.04444682,0.016507292,0.008867995
11,0.027114967,0.89262474,0.0010845987,0.0,0.0010845987,0.0021691974,0.0,0.0,0.0835141,0.0021691974,0.10520607,0.004338395,0.0,0.13123645,0.0,0.121475056,0.3275488,0.1735358,0.010845987,0.0032537961,0.0,0.34815618,0.46529284,0.039045554,0.0791757,0.0,0.0010845987,0.055314533,0.24728851,0.010845987,0.0065075923,0.018438177,0.06724512,0.2657267,0.1583514,0.0,0.0,0.0,0.0,0.0,0.0,0.0,0.0,0.0,0.0,0.0,0.0,0.0,0.0,0.0,0.0,0.0,0.0,0.0,0.0,0.0,0.0,0.0,0.0,0.14859003,0.004338395,0.015184382,0.00867679,0.34273317,0.01735358,0.09978308,0.02494577,0.0054229936,0.0,0.0,0.9436009,0.015184382,0.015184382,0.09978308,0.0054229936,0.10412148,0.009761388,0.05206074,0.09110629,0.004338395,0.028199567,0.00867679,0.05965293,0.018438177,0.0054229936,0.007592191,0.00867679,0.4804772,0.6583514,0.03253796,0.013015185,0.0032537961,0.01735358,0.023861172,0.00867679,0.09652928,0.027114967,0.0021691974,0.05856833,0.009761388,0.020607375
12,0.125,0.79605263,0.0,0.0,0.0,0.0,0.0,0.0,0.0,0.0,0.0,0.0,0.0,0.0,0.0065789474,0.0,0.19736843,0.40131578,0.1513158,0.0,0.0,0.04605263,0.15789473,0.0,0.7894737,0.27631578,0.09210526,0.05263158,0.23684211,0.05263158,0.08552632,0.0065789474,0.019736841,0.02631579,0.019736841,0.0,0.0,0.0,0.0,0.0,0.0,0.0,0.0,0.0,0.0,0.0,0.0,0.0,0.0,0.0,0.0,0.0,0.0,0.0,0.0,0.0,0.0,0.0,0.0,0.14473684,0.0065789474,0.10526316,0.039473683,0.032894738,0.0,0.125,0.013157895,0.0065789474,0.0,0.15789473,0.7434211,0.0065789474,0.0,0.0,0.032894738,0.078947365,0.0,0.0,0.019736841,0.0,0.0065789474,0.0,0.13815789,0.05263158,0.013157895,0.0,0.0,0.5986842,0.6381579,0.0065789474,0.019736841,0.013157895,0.07236842,0.0065789474,0.013157895,0.039473683,0.02631579,0.013157895,0.09210526,0.0,0.0065789474
27,0.0,0.5,0.0,0.0,0.0,0.0,0.0,0.0,0.0,0.0,0.0,0.0,0.0,0.0,0.0,0.0,0.0,0.0,0.0,0.0,0.0,0.0,0.0,0.0,0.0,0.0,0.0,0.0,0.0,0.0,0.0,0.0,0.0,0.0,0.0,0.0,0.0,0.0,0.0,0.0,0.0,0.0,0.0,0.0,0.0,0.0,0.0,0.0,0.0,0.0,0.0,0.0,0.0,0.0,0.0,0.0,0.0,0.0,0.0,0.0,0.0,0.0,0.0,0.0,0.0,0.0,0.0,0.5,0.0,0.0,0.0,0.0,0.0,0.0,0.0,0.0,0.0,0.0,0.0,0.0,0.0,0.0,0.0,0.0,0.0,0.0,0.0,0.0,1.0,0.0,0.0,0.0,0.0,0.0,0.0,0.0,0.0,0.0,0.0,0.0,0.0
28,0.0,1.0,0.0,0.0,0.0,0.0,0.0,0.0,0.0,0.0,0.0,0.0,0.0,0.0,0.0,0.5,0.5,0.0,0.0,0.0,0.0,0.0,0.0,0.0,0.0,0.5,0.0,0.0,0.0,0.0,0.0,0.0,0.0,0.0,0.0,0.0,0.0,0.0,0.0,0.0,0.0,0.0,0.0,0.0,0.0,0.0,0.0,0.0,0.0,0.0,0.0,0.0,0.0,0.0,0.0,0.0,0.0,0.0,0.0,0.5,0.0,0.0,0.0,0.0,0.0,0.0,0.0,0.0,0.0,0.0,1.0,0.0,0.0,0.0,0.0,0.0,0.0,0.0,0.0,0.0,0.0,0.0,0.0,0.0,0.0,0.0,0.0,1.0,0.5,0.0,0.0,0.0,0.0,0.0,0.0,0.0,0.0,0.0,0.0,0.0,0.0
31,0.0,1.8519548e-05,0.0,0.0,0.0,0.0,0.0,0.0,0.0,0.0,0.0,0.0,0.0,0.0,0.0,1.8519548e-05,0.0,0.0,0.0,0.0,0.0,0.0,0.0,0.0,0.0,1.8519548e-05,0.0,0.0,3.7039095e-05,0.0,0.0,0.0,0.0,0.0,0.0,0.23497602,0.057503194,0.11245069,0.5956257,0.0,0.0,0.0,0.0,0.0,0.0,0.0,0.0,0.0,0.0,0.0,0.0,0.0,0.0,0.0,0.0,0.0,0.0,0.0,0.0,0.0,0.0,0.0,0.0,0.0,0.0,0.0,0.0,0.0,0.0,0.0,3.7039095e-05,0.0,0.0,0.0,0.0,0.0,0.0,0.0,1.8519548e-05,0.0,0.0,0.0,0.0,0.0,0.0,0.0,0.0,3.7039095e-05,1.8519548e-05,0.0,0.0,0.0,0.0,0.0,0.0,0.0,0.0,0.0,0.0,0.0,0.0
33,0.0,0.00023100912,0.0,0.0,0.0,0.0,0.0,0.0,0.0,0.0,0.0,0.0,0.0,0.0,0.0,7.700304e-05,7.700304e-05,0.0,0.0,0.0,0.0,0.0,0.0,0.0,3.850152e-05,7.700304e-05,0.0,0.0,0.0,0.0,0.0,0.0,0.0,0.0,0.0,0.0,0.0,0.0,0.0,0.030454703,0.034805376,0.026181035,0.1669811,0.11488854,0.017903207,0.10480114,0.03653794,0.06518307,0.012705502,0.05086051,0.09914142,0.024101952,0.03649944,0.02175336,0.02660455,0.02352443,0.08139221,0.020367304,0.026373541,0.0,0.0,0.0,0.0,0.0,0.0,0.0,0.0,0.0,0.0,0.0,0.00011550456,0.0,0.0,0.0,0.0,3.850152e-05,0.0,0.0,0.0,0.0,0.0,0.0,0.0,0.0,0.0,0.0,0.0,0.00015400608,0.0001925076,0.0,0.0,0.0,0.0,0.0,0.0,0.0,0.0,0.0,0.0,0.0,0.0
36,0.0,0.0,0.0,0.0,0.0,0.0,0.0,0.0,0.0,0.0,0.0,0.0,0.0,0.0,0.0,0.0,0.0,0.0,0.0,0.0,0.0,0.0,0.0,0.0,0.0,0.0,0.0,0.0,0.0,0.0,0.0,0.0,0.0,0.0,0.0,0.0,0.0,0.0,0.0,0.0,0.0,0.0,1.0,0.0,0.0,0.0,0.0,0.0,0.0,0.0,0.0,0.0,0.0,0.0,0.0,0.0,0.0,0.0,0.0,0.0,0.0,0.0,0.0,0.0,0.0,0.0,0.0,0.0,0.0,0.0,0.0,0.0,0.0,0.0,0.0,0.0,0.0,0.0,0.0,0.0,0.0,0.0,0.0,0.0,0.0,0.0,0.0,0.0,0.0,0.0,0.0,0.0,0.0,0.0,0.0,0.0,0.0,0.0,0.0,0.0,0.0
37,0.0,0.0,0.0,0.0,0.0,0.0,0.0,0.0,0.0,0.0,0.0,0.0,0.0,0.0,0.0,0.0,0.0,0.0,0.0,0.0,0.0,0.0,0.0,0.0,0.0,0.0,0.0,0.0,0.0,0.0,0.0,0.0,0.0,0.0,0.0,0.0,0.0,0.0,0.0,0.0,0.0,0.0,0.125,0.125,0.0,0.0,0.0,0.0,0.0,0.0,0.25,0.0,0.125,0.0,0.0,0.0,0.25,0.0,0.125,0.0,0.0,0.0,0.0,0.0,0.0,0.0,0.0,0.0,0.0,0.0,0.0,0.0,0.0,0.0,0.0,0.0,0.0,0.0,0.0,0.0,0.0,0.0,0.0,0.0,0.0,0.0,0.0,0.0,0.0,0.0,0.0,0.0,0.0,0.0,0.0,0.0,0.0,0.0,0.0,0.0,0.0
40,0.0,0.0,0.0,0.0,0.0,0.0,0.0,0.0,0.0,0.0,0.0,0.0,0.0,0.0,0.0,0.0,0.0,0.0,0.0,0.0,0.0,0.0,0.0,0.0,0.0,0.0,0.0,0.0,0.0,0.0,0.0,0.0,0.0,0.0,0.0,0.0,0.0,0.0,0.0,0.0,0.0,0.0,0.0,0.0,0.0,0.0,0.0,0.0,0.0,0.0,1.0,0.0,0.0,0.0,0.0,0.0,0.0,0.0,0.0,0.0,0.0,0.0,0.0,0.0,0.0,0.0,0.0,0.0,0.0,0.0,0.0,0.0,0.0,0.0,0.0,0.0,0.0,0.0,0.0,0.0,0.0,0.0,0.0,0.0,0.0,0.0,0.0,0.0,0.0,0.0,0.0,0.0,0.0,0.0,0.0,0.0,0.0,0.0,0.0,0.0,0.0
43,0.0,0.125,0.0,0.0,0.0,0.0,0.0,0.0,0.0,0.0,0.0,0.0,0.0,0.0,0.0,0.0,0.0,0.0,0.0,0.0,0.0,0.0,0.0,0.0,0.0,0.0,0.0,0.0,0.0,0.0,0.0,0.0,0.0,0.0,0.0,0.0,0.25,0.0,0.125,0.0,0.125,0.0,0.0,0.0,0.0,0.0,0.0,0.125,0.0,0.0,0.0,0.0,0.0,0.0,0.0,0.0,0.25,0.0,0.0,0.0,0.0,0.0,0.0,0.0,0.0,0.0,0.0,0.0,0.0,0.0,0.125,0.0,0.0,0.0,0.0,0.0,0.0,0.0,0.0,0.0,0.0,0.0,0.0,0.0,0.0,0.0,0.0,0.125,0.125,0.0,0.0,0.0,0.0,0.0,0.0,0.0,0.0,0.0,0.0,0.0,0.0
